id,title,source,published_date,url,summary,category,is_real
1,Regulators Review Approval Pathway for AI Diagnostic Support Tools,Fieldnote,2025-10-27,https://fieldnote.example.com/2025/regulators-review-approval-pathway-for-ai-diagnostic-support,Health regulators opened a comment period on proposed rules for approving software that assists with diagnostic decisions.,Healthcare,False
2,Farmers in the Pacific Northwest Adopt AI Crop-Monitoring Drones,OpenLedger News,2025-03-09,https://openledgernews.example.com/2025/farmers-in-the-pacific-northwest-adopt-ai-crop-monitoring-dr,Growers in the Pacific Northwest began using drone-mounted sensors paired with AI models to detect early signs of crop stress.,Agriculture,False
3,Court in Spokane Weighs Rules for AI-Generated Legal Filings,Meridian Press,2025-11-17,https://meridianpress.example.com/2025/court-in-spokane-weighs-rules-for-ai-generated-legal-filings,A Spokane court began drafting local guidance on disclosure requirements for filings drafted with AI assistance.,Legal,False
4,University Researchers Study Impact of AI Writing Aids on Learning,The Quarterly Byte,2026-04-10,https://thequarterlybyte.example.com/2026/university-researchers-study-impact-of-ai-writing-aids-on-le,A university research group published early findings on how AI writing assistants affect student revision habits.,Education,False
5,Federal Agency Releases Framework for Responsible AI Procurement,Meridian Press,2025-01-13,https://meridianpress.example.com/2025/federal-agency-releases-framework-for-responsible-ai-procure,A federal agency published a framework meant to guide how government offices evaluate and procure AI systems.,Government,False
6,Law Firm Pinehill Community Fund Deploys AI for Contract Review Across Practice Groups,Fieldnote,2025-12-05,https://fieldnote.example.com/2025/law-firm-pinehill-community-fund-deploys-ai-for-contract-rev,"Pinehill Community Fund expanded its use of an AI contract-review tool, citing faster turnaround on routine commercial agreements.",Legal,False
7,Pinehill Community Fund Open-Sources Dataset for Evaluating Model Robustness,Global Insight,2024-09-09,https://globalinsight.example.com/2024/pinehill-community-fund-open-sources-dataset-for-evaluating,Pinehill Community Fund released a curated dataset intended to help labs evaluate how models handle adversarial and out-of-distribution inputs.,Research,False
8,Study Finds AI Screening Tool Flags Early Signs in Imaging Review,Meridian Press,2024-08-18,https://meridianpress.example.com/2024/study-finds-ai-screening-tool-flags-early-signs-in-imaging-r,A clinical study found that an AI-assisted imaging review tool flagged findings that warranted earlier follow-up in a subset of cases.,Healthcare,False
9,Ashford University Trials AI Model to Predict Regional Yield Variability,The Quarterly Byte,2024-02-25,https://thequarterlybyte.example.com/2024/ashford-university-trials-ai-model-to-predict-regional-yield,Ashford University began field trials of a model that combines soil and weather data to predict yield variability at the county level.,Agriculture,False
10,Farmers in the Midwest Adopt AI Crop-Monitoring Drones,Fieldnote,2025-07-07,https://fieldnote.example.com/2025/farmers-in-the-midwest-adopt-ai-crop-monitoring-drones,Growers in the Midwest began using drone-mounted sensors paired with AI models to detect early signs of crop stress.,Agriculture,False
11,Bar Association Issues Guidance on AI Use in Client Communications,The Signal Wire,2024-02-16,https://thesignalwire.example.com/2024/bar-association-issues-guidance-on-ai-use-in-client-communic,The state bar association published guidance clarifying when attorneys must disclose AI involvement in client-facing work.,Legal,False
12,Supply Chain Firms Test AI for Shipment Delay Prediction,Global Insight,2025-11-18,https://globalinsight.example.com/2025/supply-chain-firms-test-ai-for-shipment-delay-prediction,"Logistics providers began testing models that predict shipment delays using weather, port, and carrier data.",Industry,False
13,Bar Association Issues Guidance on AI Use in Client Communications,Meridian Press,2026-06-06,https://meridianpress.example.com/2026/bar-association-issues-guidance-on-ai-use-in-client-communic,The state bar association published guidance clarifying when attorneys must disclose AI involvement in client-facing work.,Legal,False
14,Bar Association Issues Guidance on AI Use in Client Communications,Meridian Press,2026-04-21,https://meridianpress.example.com/2026/bar-association-issues-guidance-on-ai-use-in-client-communic,The state bar association published guidance clarifying when attorneys must disclose AI involvement in client-facing work.,Legal,False
15,Columbus City Council Approves Pilot for AI-Assisted 311 Requests,The Quarterly Byte,2025-07-20,https://thequarterlybyte.example.com/2025/columbus-city-council-approves-pilot-for-ai-assisted-311-req,The Columbus city council approved a pilot program routing non-emergency service requests through an AI triage system.,Government,False
16,Nova Grant Alliance Pilots AI Tutoring Assistant in After-School Program,The Forward Line,2025-12-11,https://theforwardline.example.com/2025/nova-grant-alliance-pilots-ai-tutoring-assistant-in-after-sc,Nova Grant Alliance began piloting an AI tutoring assistant to support students in math and reading comprehension after school.,Education,False
17,AI-Powered Grant Writing Assistant Rolled Out for Community Groups,Northbridge Journal,2024-10-11,https://northbridgejournal.example.com/2024/ai-powered-grant-writing-assistant-rolled-out-for-community,A coalition of community foundations began testing an AI assistant that helps grassroots groups draft grant proposals.,Nonprofit,False
18,Researchers at Clearwater District Publish Benchmark for Long-Context Reasoning,Civic Wire,2025-06-25,https://civicwire.example.com/2025/researchers-at-clearwater-district-publish-benchmark-for-lon,A team at Clearwater District released a new benchmark dataset designed to test how well language models reason over long documents.,Research,False
19,Union Grain Co-op Launches AI Toolkit to Help Small Charities Track Impact,The Forward Line,2024-04-09,https://theforwardline.example.com/2024/union-grain-co-op-launches-ai-toolkit-to-help-small-charitie,Union Grain Co-op released a free AI-assisted reporting tool that helps small nonprofits summarize program outcomes and draft donor updates.,Nonprofit,False
20,Redwood Data Trust Adopts AI Video Analysis for Player Performance Reviews,The Forward Line,2026-03-15,https://theforwardline.example.com/2026/redwood-data-trust-adopts-ai-video-analysis-for-player-perfo,Redwood Data Trust began using AI-assisted video analysis to help coaching staff review player positioning and fatigue patterns.,Sports,False
21,Fielding & Cole Reports Productivity Gains After Company-Wide AI Rollout,Blue Horizon Media,2026-02-12,https://bluehorizonmedia.example.com/2026/fielding-&-cole-reports-productivity-gains-after-company-wid,Fielding & Cole said internal surveys showed measurable time savings in drafting and data analysis tasks after adopting an AI assistant.,Business,False
22,Youth League in the Gulf Coast Tests AI Tool for Scheduling and Refereeing Support,The Forward Line,2025-12-14,https://theforwardline.example.com/2025/youth-league-in-the-gulf-coast-tests-ai-tool-for-scheduling,A youth sports league in the Gulf Coast piloted an AI tool that helps generate game schedules and flag referee assignment conflicts.,Sports,False
23,Independent Musicians Debate Use of AI in Songwriting Process,OpenLedger News,2024-12-25,https://openledgernews.example.com/2024/independent-musicians-debate-use-of-ai-in-songwriting-proces,A community of independent musicians held a public discussion on how AI tools are changing songwriting and production workflows.,Culture,False
24,Youth League in the Pacific Northwest Tests AI Tool for Scheduling and Refereeing Support,Blue Horizon Media,2026-05-03,https://bluehorizonmedia.example.com/2026/youth-league-in-the-pacific-northwest-tests-ai-tool-for-sche,A youth sports league in the Pacific Northwest piloted an AI tool that helps generate game schedules and flag referee assignment conflicts.,Sports,False
25,Independent Musicians Debate Use of AI in Songwriting Process,Northbridge Journal,2025-06-07,https://northbridgejournal.example.com/2025/independent-musicians-debate-use-of-ai-in-songwriting-proces,A community of independent musicians held a public discussion on how AI tools are changing songwriting and production workflows.,Culture,False
26,Lawmakers Introduce Bill on AI Transparency in Hiring Tools,TechDaily,2024-09-07,https://techdaily.example.com/2024/lawmakers-introduce-bill-on-ai-transparency-in-hiring-tools,A group of lawmakers introduced legislation that would require disclosure when AI tools are used in hiring decisions.,Policy,False
27,Museum in Tucson Opens Exhibit on AI and Digital Art,TechDaily,2025-12-26,https://techdaily.example.com/2025/museum-in-tucson-opens-exhibit-on-ai-and-digital-art,A museum in Tucson opened a new exhibit exploring the relationship between AI-generated imagery and traditional digital art.,Culture,False
28,School District in the Central Valley Sets Policy on Student AI Use,The Quarterly Byte,2025-03-28,https://thequarterlybyte.example.com/2025/school-district-in-the-central-valley-sets-policy-on-student,A school district in the Central Valley adopted a policy outlining acceptable use of AI tools for homework and classroom assignments.,Education,False
29,Regulators Review Approval Pathway for AI Diagnostic Support Tools,The Quarterly Byte,2025-10-08,https://thequarterlybyte.example.com/2025/regulators-review-approval-pathway-for-ai-diagnostic-support,Health regulators opened a comment period on proposed rules for approving software that assists with diagnostic decisions.,Healthcare,False
30,New Study Finds Diminishing Returns in Scaling Model Size Alone,Blue Horizon Media,2026-02-07,https://bluehorizonmedia.example.com/2026/new-study-finds-diminishing-returns-in-scaling-model-size-al,Researchers reported that raw parameter scaling shows diminishing accuracy gains without corresponding data quality improvements.,Research,False
31,Youth League in the Gulf Coast Tests AI Tool for Scheduling and Refereeing Support,The Forward Line,2024-03-12,https://theforwardline.example.com/2024/youth-league-in-the-gulf-coast-tests-ai-tool-for-scheduling,A youth sports league in the Gulf Coast piloted an AI tool that helps generate game schedules and flag referee assignment conflicts.,Sports,False
32,Nova Grant Alliance Reports Productivity Gains After Company-Wide AI Rollout,Civic Wire,2025-07-16,https://civicwire.example.com/2025/nova-grant-alliance-reports-productivity-gains-after-company,Nova Grant Alliance said internal surveys showed measurable time savings in drafting and data analysis tasks after adopting an AI assistant.,Business,False
33,Supply Chain Firms Test AI for Shipment Delay Prediction,The Signal Wire,2026-05-21,https://thesignalwire.example.com/2026/supply-chain-firms-test-ai-for-shipment-delay-prediction,"Logistics providers began testing models that predict shipment delays using weather, port, and carrier data.",Industry,False
34,University Researchers Study Impact of AI Writing Aids on Learning,The Signal Wire,2026-06-23,https://thesignalwire.example.com/2026/university-researchers-study-impact-of-ai-writing-aids-on-le,A university research group published early findings on how AI writing assistants affect student revision habits.,Education,False
35,International Panel Discusses Coordination on AI Safety Standards,Fieldnote,2024-11-13,https://fieldnote.example.com/2024/international-panel-discusses-coordination-on-ai-safety-stan,Representatives from several countries met to discuss aligning baseline safety standards for high-capability AI systems.,Policy,False
36,Union Grain Co-op Open-Sources Dataset for Evaluating Model Robustness,Civic Wire,2025-02-09,https://civicwire.example.com/2025/union-grain-co-op-open-sources-dataset-for-evaluating-model,Union Grain Co-op released a curated dataset intended to help labs evaluate how models handle adversarial and out-of-distribution inputs.,Research,False
37,Lawmakers Introduce Bill on AI Transparency in Hiring Tools,Fieldnote,2025-06-27,https://fieldnote.example.com/2025/lawmakers-introduce-bill-on-ai-transparency-in-hiring-tools,A group of lawmakers introduced legislation that would require disclosure when AI tools are used in hiring decisions.,Policy,False
38,Savannah City Council Approves Pilot for AI-Assisted 311 Requests,TechDaily,2024-01-04,https://techdaily.example.com/2024/savannah-city-council-approves-pilot-for-ai-assisted-311-req,The Savannah city council approved a pilot program routing non-emergency service requests through an AI triage system.,Government,False
39,University Researchers Study Impact of AI Writing Aids on Learning,Northbridge Journal,2025-07-19,https://northbridgejournal.example.com/2025/university-researchers-study-impact-of-ai-writing-aids-on-le,A university research group published early findings on how AI writing assistants affect student revision habits.,Education,False
40,Silverline Labs Trials AI Model to Predict Regional Yield Variability,Global Insight,2025-01-23,https://globalinsight.example.com/2025/silverline-labs-trials-ai-model-to-predict-regional-yield-va,Silverline Labs began field trials of a model that combines soil and weather data to predict yield variability at the county level.,Agriculture,False
41,Court in Richmond Weighs Rules for AI-Generated Legal Filings,The Quarterly Byte,2024-09-07,https://thequarterlybyte.example.com/2024/court-in-richmond-weighs-rules-for-ai-generated-legal-filing,A Richmond court began drafting local guidance on disclosure requirements for filings drafted with AI assistance.,Legal,False
42,Researchers at Nova Grant Alliance Publish Benchmark for Long-Context Reasoning,TechDaily,2026-05-31,https://techdaily.example.com/2026/researchers-at-nova-grant-alliance-publish-benchmark-for-lon,A team at Nova Grant Alliance released a new benchmark dataset designed to test how well language models reason over long documents.,Research,False
43,Startup Union Grain Co-op Raises Funding Round to Build AI Sales Assistant,The Forward Line,2024-06-10,https://theforwardline.example.com/2024/startup-union-grain-co-op-raises-funding-round-to-build-ai-s,Union Grain Co-op closed a funding round to expand its AI tool that drafts outreach emails and summarizes sales call notes.,Business,False
44,Researchers at Union Grain Co-op Publish Benchmark for Long-Context Reasoning,The Signal Wire,2024-08-04,https://thesignalwire.example.com/2024/researchers-at-union-grain-co-op-publish-benchmark-for-long,A team at Union Grain Co-op released a new benchmark dataset designed to test how well language models reason over long documents.,Research,False
45,Ashford University Pilots AI Tutoring Assistant in After-School Program,OpenLedger News,2025-01-08,https://openledgernews.example.com/2025/ashford-university-pilots-ai-tutoring-assistant-in-after-sch,Ashford University began piloting an AI tutoring assistant to support students in math and reading comprehension after school.,Education,False
46,Law Firm Clearwater District Deploys AI for Contract Review Across Practice Groups,Fieldnote,2026-05-04,https://fieldnote.example.com/2026/law-firm-clearwater-district-deploys-ai-for-contract-review,"Clearwater District expanded its use of an AI contract-review tool, citing faster turnaround on routine commercial agreements.",Legal,False
47,Sports Analysts Debate Role of AI in Draft Prospect Evaluation,The Signal Wire,2026-01-07,https://thesignalwire.example.com/2026/sports-analysts-debate-role-of-ai-in-draft-prospect-evaluati,Analysts discussed how AI-driven statistical models are increasingly used alongside scouting reports in draft evaluations.,Sports,False
48,Lawmakers Introduce Bill on AI Transparency in Hiring Tools,Meridian Press,2024-05-31,https://meridianpress.example.com/2024/lawmakers-introduce-bill-on-ai-transparency-in-hiring-tools,A group of lawmakers introduced legislation that would require disclosure when AI tools are used in hiring decisions.,Policy,False
49,Boise Hospital System Pilots AI Tool for Triage Note Summaries,Meridian Press,2024-10-08,https://meridianpress.example.com/2024/boise-hospital-system-pilots-ai-tool-for-triage-note-summari,A hospital system in Boise began piloting an AI tool that summarizes triage notes for emergency department staff.,Healthcare,False
50,Cooperative Extension Office Offers AI Literacy Course for Growers,The Quarterly Byte,2024-12-13,https://thequarterlybyte.example.com/2024/cooperative-extension-office-offers-ai-literacy-course-for-g,A regional cooperative extension office launched a short course to help growers understand AI-based farm management tools.,Agriculture,False
51,Anchor Legal Group Launches AI Toolkit to Help Small Charities Track Impact,OpenLedger News,2024-06-08,https://openledgernews.example.com/2024/anchor-legal-group-launches-ai-toolkit-to-help-small-chariti,Anchor Legal Group released a free AI-assisted reporting tool that helps small nonprofits summarize program outcomes and draft donor updates.,Nonprofit,False
52,Federal Agency Releases Framework for Responsible AI Procurement,Meridian Press,2025-06-02,https://meridianpress.example.com/2025/federal-agency-releases-framework-for-responsible-ai-procure,A federal agency published a framework meant to guide how government offices evaluate and procure AI systems.,Government,False
53,International Panel Discusses Coordination on AI Safety Standards,Meridian Press,2026-07-28,https://meridianpress.example.com/2026/international-panel-discusses-coordination-on-ai-safety-stan,Representatives from several countries met to discuss aligning baseline safety standards for high-capability AI systems.,Policy,False
54,Columbus Hospital System Pilots AI Tool for Triage Note Summaries,Vantage Report,2024-03-13,https://vantagereport.example.com/2024/columbus-hospital-system-pilots-ai-tool-for-triage-note-summ,A hospital system in Columbus began piloting an AI tool that summarizes triage notes for emergency department staff.,Healthcare,False
55,Regulators Review Approval Pathway for AI Diagnostic Support Tools,Civic Wire,2024-08-07,https://civicwire.example.com/2024/regulators-review-approval-pathway-for-ai-diagnostic-support,Health regulators opened a comment period on proposed rules for approving software that assists with diagnostic decisions.,Healthcare,False
56,Startup Meridian Health Raises Funding Round to Build AI Sales Assistant,Global Insight,2025-06-03,https://globalinsight.example.com/2025/startup-meridian-health-raises-funding-round-to-build-ai-sal,Meridian Health closed a funding round to expand its AI tool that drafts outreach emails and summarizes sales call notes.,Business,False
57,Nova Grant Alliance Launches AI Toolkit to Help Small Charities Track Impact,The Quarterly Byte,2026-07-02,https://thequarterlybyte.example.com/2026/nova-grant-alliance-launches-ai-toolkit-to-help-small-charit,Nova Grant Alliance released a free AI-assisted reporting tool that helps small nonprofits summarize program outcomes and draft donor updates.,Nonprofit,False
58,Anchor Legal Group Pilots AI Tutoring Assistant in After-School Program,TechDaily,2024-07-02,https://techdaily.example.com/2024/anchor-legal-group-pilots-ai-tutoring-assistant-in-after-sch,Anchor Legal Group began piloting an AI tutoring assistant to support students in math and reading comprehension after school.,Education,False
59,Study Finds AI Screening Tool Flags Early Signs in Imaging Review,Fieldnote,2025-03-17,https://fieldnote.example.com/2025/study-finds-ai-screening-tool-flags-early-signs-in-imaging-r,A clinical study found that an AI-assisted imaging review tool flagged findings that warranted earlier follow-up in a subset of cases.,Healthcare,False
60,School District in the High Plains Sets Policy on Student AI Use,Civic Wire,2025-04-05,https://civicwire.example.com/2025/school-district-in-the-high-plains-sets-policy-on-student-ai,A school district in the High Plains adopted a policy outlining acceptable use of AI tools for homework and classroom assignments.,Education,False
61,Federal Agency Releases Framework for Responsible AI Procurement,The Quarterly Byte,2024-11-05,https://thequarterlybyte.example.com/2024/federal-agency-releases-framework-for-responsible-ai-procure,A federal agency published a framework meant to guide how government offices evaluate and procure AI systems.,Government,False
62,Retailers Turn to AI Forecasting Ahead of Holiday Season,Civic Wire,2026-04-15,https://civicwire.example.com/2026/retailers-turn-to-ai-forecasting-ahead-of-holiday-season,Several mid-size retailers said they adopted AI demand-forecasting tools to manage inventory ahead of peak shopping months.,Business,False
63,Local Library Hosts Workshop on AI and Creative Writing,The Signal Wire,2026-06-17,https://thesignalwire.example.com/2026/local-library-hosts-workshop-on-ai-and-creative-writing,A local library hosted a workshop exploring how writers are experimenting with AI tools during early drafting stages.,Culture,False
64,Researchers at Nova Grant Alliance Publish Benchmark for Long-Context Reasoning,The Forward Line,2025-09-02,https://theforwardline.example.com/2025/researchers-at-nova-grant-alliance-publish-benchmark-for-lon,A team at Nova Grant Alliance released a new benchmark dataset designed to test how well language models reason over long documents.,Research,False
65,Manufacturer Lumen Analytics Uses AI to Cut Downtime on Assembly Lines,Meridian Press,2025-02-17,https://meridianpress.example.com/2025/manufacturer-lumen-analytics-uses-ai-to-cut-downtime-on-asse,Lumen Analytics reported reduced unplanned downtime after deploying an AI system that flags early signs of equipment wear.,Industry,False
66,Farmers in the Gulf Coast Adopt AI Crop-Monitoring Drones,Civic Wire,2024-09-12,https://civicwire.example.com/2024/farmers-in-the-gulf-coast-adopt-ai-crop-monitoring-drones,Growers in the Gulf Coast began using drone-mounted sensors paired with AI models to detect early signs of crop stress.,Agriculture,False
67,Independent Musicians Debate Use of AI in Songwriting Process,The Signal Wire,2025-09-02,https://thesignalwire.example.com/2025/independent-musicians-debate-use-of-ai-in-songwriting-proces,A community of independent musicians held a public discussion on how AI tools are changing songwriting and production workflows.,Culture,False
68,Harborview Institute Launches AI Toolkit to Help Small Charities Track Impact,Meridian Press,2026-01-03,https://meridianpress.example.com/2026/harborview-institute-launches-ai-toolkit-to-help-small-chari,Harborview Institute released a free AI-assisted reporting tool that helps small nonprofits summarize program outcomes and draft donor updates.,Nonprofit,False
69,Museum in Richmond Opens Exhibit on AI and Digital Art,The Signal Wire,2025-01-26,https://thesignalwire.example.com/2025/museum-in-richmond-opens-exhibit-on-ai-and-digital-art,A museum in Richmond opened a new exhibit exploring the relationship between AI-generated imagery and traditional digital art.,Culture,False
70,Redwood Data Trust Integrates AI Quality Inspection on Production Line,The Signal Wire,2024-01-10,https://thesignalwire.example.com/2024/redwood-data-trust-integrates-ai-quality-inspection-on-produ,Redwood Data Trust added camera-based AI inspection to catch defects earlier in its production process.,Industry,False
71,Portland Hospital System Pilots AI Tool for Triage Note Summaries,Blue Horizon Media,2024-08-23,https://bluehorizonmedia.example.com/2024/portland-hospital-system-pilots-ai-tool-for-triage-note-summ,A hospital system in Portland began piloting an AI tool that summarizes triage notes for emergency department staff.,Healthcare,False
72,Youth League in the Pacific Northwest Tests AI Tool for Scheduling and Refereeing Support,Fieldnote,2026-08-20,https://fieldnote.example.com/2026/youth-league-in-the-pacific-northwest-tests-ai-tool-for-sche,A youth sports league in the Pacific Northwest piloted an AI tool that helps generate game schedules and flag referee assignment conflicts.,Sports,False
73,Federal Agency Releases Framework for Responsible AI Procurement,Civic Wire,2024-09-14,https://civicwire.example.com/2024/federal-agency-releases-framework-for-responsible-ai-procure,A federal agency published a framework meant to guide how government offices evaluate and procure AI systems.,Government,False
74,Startup Redwood Data Trust Raises Funding Round to Build AI Sales Assistant,Meridian Press,2026-06-18,https://meridianpress.example.com/2026/startup-redwood-data-trust-raises-funding-round-to-build-ai,Redwood Data Trust closed a funding round to expand its AI tool that drafts outreach emails and summarizes sales call notes.,Business,False
75,International Panel Discusses Coordination on AI Safety Standards,Meridian Press,2024-06-29,https://meridianpress.example.com/2024/international-panel-discusses-coordination-on-ai-safety-stan,Representatives from several countries met to discuss aligning baseline safety standards for high-capability AI systems.,Policy,False
76,Northgate Manufacturing Pilots AI Tutoring Assistant in After-School Program,Meridian Press,2025-11-13,https://meridianpress.example.com/2025/northgate-manufacturing-pilots-ai-tutoring-assistant-in-afte,Northgate Manufacturing began piloting an AI tutoring assistant to support students in math and reading comprehension after school.,Education,False
77,Delta Freight Systems Adopts AI Video Analysis for Player Performance Reviews,The Signal Wire,2024-10-17,https://thesignalwire.example.com/2024/delta-freight-systems-adopts-ai-video-analysis-for-player-pe,Delta Freight Systems began using AI-assisted video analysis to help coaching staff review player positioning and fatigue patterns.,Sports,False
78,Sports Analysts Debate Role of AI in Draft Prospect Evaluation,Civic Wire,2025-11-22,https://civicwire.example.com/2025/sports-analysts-debate-role-of-ai-in-draft-prospect-evaluati,Analysts discussed how AI-driven statistical models are increasingly used alongside scouting reports in draft evaluations.,Sports,False
79,Regulators Review Approval Pathway for AI Diagnostic Support Tools,Civic Wire,2026-04-06,https://civicwire.example.com/2026/regulators-review-approval-pathway-for-ai-diagnostic-support,Health regulators opened a comment period on proposed rules for approving software that assists with diagnostic decisions.,Healthcare,False
80,Farmers in the Central Valley Adopt AI Crop-Monitoring Drones,The Forward Line,2025-05-12,https://theforwardline.example.com/2025/farmers-in-the-central-valley-adopt-ai-crop-monitoring-drone,Growers in the Central Valley began using drone-mounted sensors paired with AI models to detect early signs of crop stress.,Agriculture,False
81,AI-Powered Grant Writing Assistant Rolled Out for Community Groups,OpenLedger News,2024-09-07,https://openledgernews.example.com/2024/ai-powered-grant-writing-assistant-rolled-out-for-community,A coalition of community foundations began testing an AI assistant that helps grassroots groups draft grant proposals.,Nonprofit,False
82,Madison City Council Approves Pilot for AI-Assisted 311 Requests,Meridian Press,2026-01-04,https://meridianpress.example.com/2026/madison-city-council-approves-pilot-for-ai-assisted-311-requ,The Madison city council approved a pilot program routing non-emergency service requests through an AI triage system.,Government,False
83,Delta Freight Systems Integrates AI Quality Inspection on Production Line,OpenLedger News,2024-08-10,https://openledgernews.example.com/2024/delta-freight-systems-integrates-ai-quality-inspection-on-pr,Delta Freight Systems added camera-based AI inspection to catch defects earlier in its production process.,Industry,False
84,Museum in Tucson Opens Exhibit on AI and Digital Art,Civic Wire,2024-12-24,https://civicwire.example.com/2024/museum-in-tucson-opens-exhibit-on-ai-and-digital-art,A museum in Tucson opened a new exhibit exploring the relationship between AI-generated imagery and traditional digital art.,Culture,False
85,AI-Powered Grant Writing Assistant Rolled Out for Community Groups,TechDaily,2024-04-05,https://techdaily.example.com/2024/ai-powered-grant-writing-assistant-rolled-out-for-community,A coalition of community foundations began testing an AI assistant that helps grassroots groups draft grant proposals.,Nonprofit,False
86,Independent Musicians Debate Use of AI in Songwriting Process,Fieldnote,2024-07-16,https://fieldnote.example.com/2024/independent-musicians-debate-use-of-ai-in-songwriting-proces,A community of independent musicians held a public discussion on how AI tools are changing songwriting and production workflows.,Culture,False
87,Manufacturer Cascade Robotics Uses AI to Cut Downtime on Assembly Lines,TechDaily,2025-08-21,https://techdaily.example.com/2025/manufacturer-cascade-robotics-uses-ai-to-cut-downtime-on-ass,Cascade Robotics reported reduced unplanned downtime after deploying an AI system that flags early signs of equipment wear.,Industry,False
88,Tucson City Council Approves Pilot for AI-Assisted 311 Requests,Vantage Report,2024-11-23,https://vantagereport.example.com/2024/tucson-city-council-approves-pilot-for-ai-assisted-311-reque,The Tucson city council approved a pilot program routing non-emergency service requests through an AI triage system.,Government,False
89,Redwood Data Trust Reports Productivity Gains After Company-Wide AI Rollout,Vantage Report,2026-02-19,https://vantagereport.example.com/2026/redwood-data-trust-reports-productivity-gains-after-company,Redwood Data Trust said internal surveys showed measurable time savings in drafting and data analysis tasks after adopting an AI assistant.,Business,False
90,Volunteer Matching Gets Smarter with New AI Pilot at Northgate Manufacturing,The Quarterly Byte,2025-04-15,https://thequarterlybyte.example.com/2025/volunteer-matching-gets-smarter-with-new-ai-pilot-at-northga,Northgate Manufacturing piloted a machine learning system that pairs volunteers with local projects based on skills and availability.,Nonprofit,False
91,International Panel Discusses Coordination on AI Safety Standards,The Quarterly Byte,2026-07-02,https://thequarterlybyte.example.com/2026/international-panel-discusses-coordination-on-ai-safety-stan,Representatives from several countries met to discuss aligning baseline safety standards for high-capability AI systems.,Policy,False
92,State Auditor Reviews Use of AI Tools in Benefits Processing,The Signal Wire,2026-08-19,https://thesignalwire.example.com/2026/state-auditor-reviews-use-of-ai-tools-in-benefits-processing,A state auditor's office began reviewing how AI tools are used to flag anomalies in public benefits applications.,Government,False
93,Northgate Manufacturing Pilots AI Tutoring Assistant in After-School Program,The Quarterly Byte,2024-06-07,https://thequarterlybyte.example.com/2024/northgate-manufacturing-pilots-ai-tutoring-assistant-in-afte,Northgate Manufacturing began piloting an AI tutoring assistant to support students in math and reading comprehension after school.,Education,False
94,Farmers in the Central Valley Adopt AI Crop-Monitoring Drones,Blue Horizon Media,2025-04-04,https://bluehorizonmedia.example.com/2025/farmers-in-the-central-valley-adopt-ai-crop-monitoring-drone,Growers in the Central Valley began using drone-mounted sensors paired with AI models to detect early signs of crop stress.,Agriculture,False
95,Manufacturer Harborview Institute Uses AI to Cut Downtime on Assembly Lines,The Signal Wire,2025-03-05,https://thesignalwire.example.com/2025/manufacturer-harborview-institute-uses-ai-to-cut-downtime-on,Harborview Institute reported reduced unplanned downtime after deploying an AI system that flags early signs of equipment wear.,Industry,False
96,Union Grain Co-op Integrates AI Quality Inspection on Production Line,Fieldnote,2026-01-03,https://fieldnote.example.com/2026/union-grain-co-op-integrates-ai-quality-inspection-on-produc,Union Grain Co-op added camera-based AI inspection to catch defects earlier in its production process.,Industry,False
97,Bar Association Issues Guidance on AI Use in Client Communications,Blue Horizon Media,2024-10-27,https://bluehorizonmedia.example.com/2024/bar-association-issues-guidance-on-ai-use-in-client-communic,The state bar association published guidance clarifying when attorneys must disclose AI involvement in client-facing work.,Legal,False
98,Meridian Health Reports Productivity Gains After Company-Wide AI Rollout,TechDaily,2024-04-24,https://techdaily.example.com/2024/meridian-health-reports-productivity-gains-after-company-wid,Meridian Health said internal surveys showed measurable time savings in drafting and data analysis tasks after adopting an AI assistant.,Business,False
99,Policy Group Releases Recommendations on AI Risk Reporting,Fieldnote,2025-08-12,https://fieldnote.example.com/2025/policy-group-releases-recommendations-on-ai-risk-reporting,A public policy research group published recommendations for standardized reporting of risks associated with AI deployments.,Policy,False
100,Fielding & Cole Open-Sources Dataset for Evaluating Model Robustness,The Forward Line,2025-01-05,https://theforwardline.example.com/2025/fielding-&-cole-open-sources-dataset-for-evaluating-model-ro,Fielding & Cole released a curated dataset intended to help labs evaluate how models handle adversarial and out-of-distribution inputs.,Research,False
